Sample,Generated URL
N1DL5740,https://www.pharmgkb.org/genotypeResults?q=%7B%22CYP2B6%22%3A%20%5B%22%2A1%22%2C%20%22%2A9%22%5D%2C%20%22DPYD%22%3A%20%5B%22Reference%22%2C%20%22c.1627A%3EG%20%28%2A5%29%22%5D%2C%20%22CYP3A4%22%3A%20%5B%22%2A1%22%2C%20%22%2A18%22%5D%2C%20%22NUDT15%22%3A%20%5B%22%2A1%22%2C%20%22%2A1%22%5D%2C%20%22IFNL3%22%3A%20%5B%22Reference%22%2C%20%22Reference%22%5D%2C%20%22ABCG2%22%3A%20%5B%22Reference%22%2C%20%22rs2231142%22%5D%2C%20%22CYP2C9%22%3A%20%5B%22%2A1%22%2C%20%22%2A29%22%5D%2C%20%22CYP2C8%22%3A%20%5B%22%2A1%22%2C%20%22%2A1%22%5D%2C%20%22NAT2%22%3A%20%5B%22%2A4%22%2C%20%22%2A6%22%5D%2C%20%22VKORC1%22%3A%20%5B%22Reference%22%2C%20%22rs9923231%22%5D%2C%20%22G6PD%22%3A%20%5B%22B%22%2C%20%22B%22%5D%2C%20%22SLCO1B1%22%3A%20%5B%22%2A1%22%2C%20%22%2A37%22%5D%2C%20%22CACNA1S%22%3A%20%5B%22Reference%22%2C%20%22Reference%22%5D%2C%20%22CYP2D6%22%3A%20%5B%22%2A2%22%2C%20%22%2A2%22%5D%2C%20%22CYP2C19%22%3A%20%5B%22%2A3%22%2C%20%22%2A17%22%5D%2C%20%22UGT1A1%22%3A%20%5B%22%2A1%22%2C%20%22%2A6%22%5D%2C%20%22F5%22%3A%20%5B%22Reference%22%2C%20%22Reference%22%5D%2C%20%22RYR1%22%3A%20%5B%22Reference%22%2C%20%22Reference%22%5D%2C%20%22CFTR%22%3A%20%5B%22Reference%22%2C%20%22Reference%22%5D%2C%20%22TPMT%22%3A%20%5B%22%2A1%22%2C%20%22%2A1%22%5D%2C%20%22CYP3A5%22%3A%20%5B%22%2A3%22%2C%20%22%2A3%22%5D%2C%20%22CYP4F2%22%3A%20%5B%22%2A1%22%2C%20%22%2A1%22%5D%7D
N1DL6378,https://www.pharmgkb.org/genotypeResults?q=%7B%22CYP2B6%22%3A%20%5B%22%2A1%22%2C%20%22%2A1%22%5D%2C%20%22DPYD%22%3A%20%5B%22Reference%22%2C%20%22Reference%22%5D%2C%20%22CYP3A4%22%3A%20%5B%22%2A1%22%2C%20%22%2A1%22%5D%2C%20%22NUDT15%22%3A%20%5B%22%2A1%22%2C%20%22%2A1%22%5D%2C%20%22IFNL3%22%3A%20%5B%22rs12979860%22%2C%20%22rs12980275%22%5D%2C%20%22ABCG2%22%3A%20%5B%22Reference%22%2C%20%22Reference%22%5D%2C%20%22CYP2C9%22%3A%20%5B%22%2A1%22%2C%20%22%2A1%22%5D%2C%20%22CYP2C8%22%3A%20%5B%22%2A1%22%2C%20%22%2A1%22%5D%2C%20%22NAT2%22%3A%20%5B%22%2A4%22%2C%20%22%2A4%22%5D%2C%20%22VKORC1%22%3A%20%5B%22Reference%22%2C%20%22Reference%22%5D%2C%20%22G6PD%22%3A%20%5B%22B%22%2C%20%22B%22%5D%2C%20%22SLCO1B1%22%3A%20%5B%22%2A1%22%2C%20%22%2A37%22%5D%2C%20%22CACNA1S%22%3A%20%5B%22Reference%22%2C%20%22Reference%22%5D%2C%20%22CYP2D6%22%3A%20%5B%22%2A2%22%2C%20%22%2A41%22%5D%2C%20%22CYP2C19%22%3A%20%5B%22%2A1%22%2C%20%22%2A2%22%5D%2C%20%22UGT1A1%22%3A%20%5B%22%2A1%22%2C%20%22%2A1%22%5D%2C%20%22F5%22%3A%20%5B%22Reference%22%2C%20%22Reference%22%5D%2C%20%22RYR1%22%3A%20%5B%22Reference%22%2C%20%22Reference%22%5D%2C%20%22CFTR%22%3A%20%5B%22Reference%22%2C%20%22Reference%22%5D%2C%20%22TPMT%22%3A%20%5B%22%2A1%22%2C%20%22%2A1%22%5D%2C%20%22CYP3A5%22%3A%20%5B%22%2A3%22%2C%20%22%2A3%22%5D%2C%20%22CYP4F2%22%3A%20%5B%22%2A1%22%2C%20%22%2A1%22%5D%7D
N1DL6183,https://www.pharmgkb.org/genotypeResults?q=%7B%22CYP2B6%22%3A%20%5B%22%2A1%22%2C%20%22%2A9%22%5D%2C%20%22DPYD%22%3A%20%5B%22Reference%22%2C%20%22Reference%22%5D%2C%20%22CYP3A4%22%3A%20%5B%22%2A1%22%2C%20%22%2A1%22%5D%2C%20%22NUDT15%22%3A%20%5B%22%2A1%22%2C%20%22%2A3%22%5D%2C%20%22IFNL3%22%3A%20%5B%22Reference%22%2C%20%22Reference%22%5D%2C%20%22ABCG2%22%3A%20%5B%22Reference%22%2C%20%22Reference%22%5D%2C%20%22CYP2C9%22%3A%20%5B%22%2A1%22%2C%20%22%2A1%22%5D%2C%20%22CYP2C8%22%3A%20%5B%22%2A1%22%2C%20%22%2A1%22%5D%2C%20%22NAT2%22%3A%20%5B%22%2A4%22%2C%20%22%2A4%22%5D%2C%20%22VKORC1%22%3A%20%5B%22Reference%22%2C%20%22Reference%22%5D%2C%20%22G6PD%22%3A%20%5B%22B%22%2C%20%22B%22%5D%2C%20%22SLCO1B1%22%3A%20%5B%22%2A1%22%2C%20%22%2A15%22%5D%2C%20%22CACNA1S%22%3A%20%5B%22Reference%22%2C%20%22Reference%22%5D%2C%20%22CYP2D6%22%3A%20%5B%22%2A2%22%2C%20%22%2A2%22%5D%2C%20%22CYP2C19%22%3A%20%5B%22%2A1%22%2C%20%22%2A2%22%5D%2C%20%22UGT1A1%22%3A%20%5B%22%2A1%22%2C%20%22%2A1%22%5D%2C%20%22F5%22%3A%20%5B%22Reference%22%2C%20%22Reference%22%5D%2C%20%22RYR1%22%3A%20%5B%22Reference%22%2C%20%22Reference%22%5D%2C%20%22CFTR%22%3A%20%5B%22Reference%22%2C%20%22Reference%22%5D%2C%20%22TPMT%22%3A%20%5B%22%2A1%22%2C%20%22%2A1%22%5D%2C%20%22CYP3A5%22%3A%20%5B%22%2A1%22%2C%20%22%2A3%22%5D%2C%20%22CYP4F2%22%3A%20%5B%22%2A1%22%2C%20%22%2A1%22%5D%7D
N1DL7718,https://www.pharmgkb.org/genotypeResults?q=%7B%22CYP2B6%22%3A%20%5B%22%2A1%22%2C%20%22%2A1%22%5D%2C%20%22DPYD%22%3A%20%5B%22Reference%22%2C%20%22Reference%22%5D%2C%20%22CYP3A4%22%3A%20%5B%22%2A1%22%2C%20%22%2A1%22%5D%2C%20%22NUDT15%22%3A%20%5B%22%2A1%22%2C%20%22%2A1%22%5D%2C%20%22IFNL3%22%3A%20%5B%22Reference%22%2C%20%22Reference%22%5D%2C%20%22ABCG2%22%3A%20%5B%22Reference%22%2C%20%22Reference%22%5D%2C%20%22CYP2C9%22%3A%20%5B%22%2A1%22%2C%20%22%2A1%22%5D%2C%20%22CYP2C8%22%3A%20%5B%22%2A1%22%2C%20%22%2A1%22%5D%2C%20%22NAT2%22%3A%20%5B%22%2A4%22%2C%20%22%2A6%22%5D%2C%20%22VKORC1%22%3A%20%5B%22Reference%22%2C%20%22Reference%22%5D%2C%20%22G6PD%22%3A%20%5B%22B%22%2C%20%22B%22%5D%2C%20%22SLCO1B1%22%3A%20%5B%22%2A37%22%2C%20%22%2A37%22%5D%2C%20%22CACNA1S%22%3A%20%5B%22Reference%22%2C%20%22Reference%22%5D%2C%20%22CYP2D6%22%3A%20%5B%22%2A2%22%2C%20%22%2A2%22%5D%2C%20%22CYP2C19%22%3A%20%5B%22%2A1%22%2C%20%22%2A1%22%5D%2C%20%22UGT1A1%22%3A%20%5B%22%2A1%22%2C%20%22%2A1%22%5D%2C%20%22F5%22%3A%20%5B%22Reference%22%2C%20%22Reference%22%5D%2C%20%22RYR1%22%3A%20%5B%22Reference%22%2C%20%22Reference%22%5D%2C%20%22CFTR%22%3A%20%5B%22Reference%22%2C%20%22Reference%22%5D%2C%20%22TPMT%22%3A%20%5B%22%2A1%22%2C%20%22%2A1%22%5D%2C%20%22CYP3A5%22%3A%20%5B%22%2A1%22%2C%20%22%2A3%22%5D%2C%20%22CYP4F2%22%3A%20%5B%22%2A1%22%2C%20%22%2A3%22%5D%7D
N1DL6379,https://www.pharmgkb.org/genotypeResults?q=%7B%22CYP2B6%22%3A%20%5B%22%2A1%22%2C%20%22%2A1%22%5D%2C%20%22DPYD%22%3A%20%5B%22Reference%22%2C%20%22Reference%22%5D%2C%20%22CYP3A4%22%3A%20%5B%22%2A1%22%2C%20%22%2A1%22%5D%2C%20%22NUDT15%22%3A%20%5B%22%2A1%22%2C%20%22%2A1%22%5D%2C%20%22IFNL3%22%3A%20%5B%22rs12979860%22%2C%20%22rs12980275%22%5D%2C%20%22ABCG2%22%3A%20%5B%22Reference%22%2C%20%22Reference%22%5D%2C%20%22CYP2C9%22%3A%20%5B%22%2A1%22%2C%20%22%2A1%22%5D%2C%20%22CYP2C8%22%3A%20%5B%22%2A1%22%2C%20%22%2A1%22%5D%2C%20%22NAT2%22%3A%20%5B%22%2A5%22%2C%20%22%2A7%22%5D%2C%20%22VKORC1%22%3A%20%5B%22Reference%22%2C%20%22Reference%22%5D%2C%20%22G6PD%22%3A%20%5B%22B%22%2C%20%22Rehevot%22%5D%2C%20%22SLCO1B1%22%3A%20%5B%22%2A16%22%2C%20%22%2A37%22%5D%2C%20%22CACNA1S%22%3A%20%5B%22Reference%22%2C%20%22Reference%22%5D%2C%20%22CYP2D6%22%3A%20%5B%22%2A2%22%2C%20%22%2A2%22%5D%2C%20%22CYP2C19%22%3A%20%5B%22%2A1%22%2C%20%22%2A1%22%5D%2C%20%22UGT1A1%22%3A%20%5B%22%2A1%22%2C%20%22%2A1%22%5D%2C%20%22F5%22%3A%20%5B%22Reference%22%2C%20%22Reference%22%5D%2C%20%22RYR1%22%3A%20%5B%22Reference%22%2C%20%22Reference%22%5D%2C%20%22CFTR%22%3A%20%5B%22Reference%22%2C%20%22Reference%22%5D%2C%20%22TPMT%22%3A%20%5B%22%2A1%22%2C%20%22%2A1%22%5D%2C%20%22CYP3A5%22%3A%20%5B%22%2A1%22%2C%20%22%2A3%22%5D%2C%20%22CYP4F2%22%3A%20%5B%22%2A1%22%2C%20%22%2A3%22%5D%7D
NURA8336,https://www.pharmgkb.org/genotypeResults?q=%7B%22CYP2B6%22%3A%20%5B%22%2A1%22%2C%20%22%2A1%22%5D%2C%20%22DPYD%22%3A%20%5B%22c.85T%3EC%20%28%2A9A%29%22%2C%20%22c.1627A%3EG%20%28%2A5%29%22%5D%2C%20%22CYP3A4%22%3A%20%5B%22%2A1%22%2C%20%22%2A1%22%5D%2C%20%22NUDT15%22%3A%20%5B%22%2A1%22%2C%20%22%2A1%22%5D%2C%20%22IFNL3%22%3A%20%5B%22Reference%22%2C%20%22Reference%22%5D%2C%20%22ABCG2%22%3A%20%5B%22Reference%22%2C%20%22Reference%22%5D%2C%20%22CYP2C9%22%3A%20%5B%22%2A1%22%2C%20%22%2A1%22%5D%2C%20%22CYP2C8%22%3A%20%5B%22%2A1%22%2C%20%22%2A1%22%5D%2C%20%22NAT2%22%3A%20%5B%22%2A4%22%2C%20%22%2A7%22%5D%2C%20%22VKORC1%22%3A%20%5B%22Reference%22%2C%20%22Reference%22%5D%2C%20%22G6PD%22%3A%20%5B%22B%22%2C%20%22B%22%5D%2C%20%22SLCO1B1%22%3A%20%5B%22%2A1%22%2C%20%22%2A37%22%5D%2C%20%22CACNA1S%22%3A%20%5B%22Reference%22%2C%20%22Reference%22%5D%2C%20%22CYP2D6%22%3A%20%5B%22%2A2%22%2C%20%22%2A2%22%5D%2C%20%22CYP2C19%22%3A%20%5B%22%2A1%22%2C%20%22%2A1%22%5D%2C%20%22UGT1A1%22%3A%20%5B%22%2A1%22%2C%20%22%2A1%22%5D%2C%20%22F5%22%3A%20%5B%22Reference%22%2C%20%22Reference%22%5D%2C%20%22RYR1%22%3A%20%5B%22Reference%22%2C%20%22Reference%22%5D%2C%20%22CFTR%22%3A%20%5B%22Reference%22%2C%20%22Reference%22%5D%2C%20%22TPMT%22%3A%20%5B%22%2A1%22%2C%20%22%2A1%22%5D%2C%20%22CYP3A5%22%3A%20%5B%22%2A1%22%2C%20%22%2A3%22%5D%2C%20%22CYP4F2%22%3A%20%5B%22%2A1%22%2C%20%22%2A3%22%5D%7D
N1DL6585,https://www.pharmgkb.org/genotypeResults?q=%7B%22CYP2B6%22%3A%20%5B%22%2A1%22%2C%20%22%2A1%22%5D%2C%20%22DPYD%22%3A%20%5B%22Reference%22%2C%20%22c.1627A%3EG%20%28%2A5%29%22%5D%2C%20%22CYP3A4%22%3A%20%5B%22%2A1%22%2C%20%22%2A1%22%5D%2C%20%22NUDT15%22%3A%20%5B%22%2A1%22%2C%20%22%2A5%22%5D%2C%20%22IFNL3%22%3A%20%5B%22Reference%22%2C%20%22Reference%22%5D%2C%20%22ABCG2%22%3A%20%5B%22Reference%22%2C%20%22Reference%22%5D%2C%20%22CYP2C9%22%3A%20%5B%22%2A1%22%2C%20%22%2A1%22%5D%2C%20%22CYP2C8%22%3A%20%5B%22%2A1%22%2C%20%22%2A1%22%5D%2C%20%22NAT2%22%3A%20%5B%22%2A4%22%2C%20%22%2A6%22%5D%2C%20%22VKORC1%22%3A%20%5B%22Reference%22%2C%20%22rs9923231%22%5D%2C%20%22G6PD%22%3A%20%5B%22B%22%2C%20%22B%22%5D%2C%20%22SLCO1B1%22%3A%20%5B%22%2A37%22%2C%20%22%2A37%22%5D%2C%20%22CACNA1S%22%3A%20%5B%22Reference%22%2C%20%22Reference%22%5D%2C%20%22CYP2D6%22%3A%20%5B%22%2A2%22%2C%20%22%2A2%22%5D%2C%20%22CYP2C19%22%3A%20%5B%22%2A1%22%2C%20%22%2A1%22%5D%2C%20%22UGT1A1%22%3A%20%5B%22%2A1%22%2C%20%22%2A80%22%5D%2C%20%22F5%22%3A%20%5B%22Reference%22%2C%20%22Reference%22%5D%2C%20%22RYR1%22%3A%20%5B%22Reference%22%2C%20%22Reference%22%5D%2C%20%22CFTR%22%3A%20%5B%22Reference%22%2C%20%22Reference%22%5D%2C%20%22TPMT%22%3A%20%5B%22%2A1%22%2C%20%22%2A1%22%5D%2C%20%22CYP3A5%22%3A%20%5B%22%2A1%22%2C%20%22%2A1%22%5D%2C%20%22CYP4F2%22%3A%20%5B%22%2A3%22%2C%20%22%2A3%22%5D%7D
N1DL2032,https://www.pharmgkb.org/genotypeResults?q=%7B%22CYP2B6%22%3A%20%5B%22%2A1%22%2C%20%22%2A1%22%5D%2C%20%22DPYD%22%3A%20%5B%22Reference%22%2C%20%22Reference%22%5D%2C%20%22CYP3A4%22%3A%20%5B%22%2A1%22%2C%20%22%2A1%22%5D%2C%20%22NUDT15%22%3A%20%5B%22%2A1%22%2C%20%22%2A1%22%5D%2C%20%22IFNL3%22%3A%20%5B%22Reference%22%2C%20%22Reference%22%5D%2C%20%22ABCG2%22%3A%20%5B%22Reference%22%2C%20%22Reference%22%5D%2C%20%22CYP2C9%22%3A%20%5B%22%2A1%22%2C%20%22%2A1%22%5D%2C%20%22CYP2C8%22%3A%20%5B%22%2A1%22%2C%20%22%2A1%22%5D%2C%20%22NAT2%22%3A%20%5B%22%2A4%22%2C%20%22%2A4%22%5D%2C%20%22VKORC1%22%3A%20%5B%22Reference%22%2C%20%22Reference%22%5D%2C%20%22G6PD%22%3A%20%5B%22B%22%2C%20%22B%22%5D%2C%20%22SLCO1B1%22%3A%20%5B%22%2A1%22%2C%20%22%2A37%22%5D%2C%20%22CACNA1S%22%3A%20%5B%22Reference%22%2C%20%22Reference%22%5D%2C%20%22CYP2D6%22%3A%20%5B%22%2A2%22%2C%20%22%2A2%22%5D%2C%20%22CYP2C19%22%3A%20%5B%22%2A1%22%2C%20%22%2A3%22%5D%2C%20%22UGT1A1%22%3A%20%5B%22%2A1%22%2C%20%22%2A1%22%5D%2C%20%22F5%22%3A%20%5B%22Reference%22%2C%20%22Reference%22%5D%2C%20%22RYR1%22%3A%20%5B%22Reference%22%2C%20%22Reference%22%5D%2C%20%22CFTR%22%3A%20%5B%22Reference%22%2C%20%22Reference%22%5D%2C%20%22TPMT%22%3A%20%5B%22%2A1%22%2C%20%22%2A1%22%5D%2C%20%22CYP3A5%22%3A%20%5B%22%2A1%22%2C%20%22%2A3%22%5D%2C%20%22CYP4F2%22%3A%20%5B%22%2A1%22%2C%20%22%2A1%22%5D%7D
N1DL6310,https://www.pharmgkb.org/genotypeResults?q=%7B%22CYP2B6%22%3A%20%5B%22%2A1%22%2C%20%22%2A1%22%5D%2C%20%22DPYD%22%3A%20%5B%22Reference%22%2C%20%22c.1627A%3EG%20%28%2A5%29%22%5D%2C%20%22CYP3A4%22%3A%20%5B%22%2A1%22%2C%20%22%2A1%22%5D%2C%20%22NUDT15%22%3A%20%5B%22%2A1%22%2C%20%22%2A1%22%5D%2C%20%22IFNL3%22%3A%20%5B%22Reference%22%2C%20%22Reference%22%5D%2C%20%22ABCG2%22%3A%20%5B%22Reference%22%2C%20%22rs2231142%22%5D%2C%20%22CYP2C9%22%3A%20%5B%22%2A1%22%2C%20%22%2A1%22%5D%2C%20%22CYP2C8%22%3A%20%5B%22%2A1%22%2C%20%22%2A1%22%5D%2C%20%22NAT2%22%3A%20%5B%22%2A4%22%2C%20%22%2A4%22%5D%2C%20%22VKORC1%22%3A%20%5B%22Reference%22%2C%20%22rs9923231%22%5D%2C%20%22G6PD%22%3A%20%5B%22B%22%2C%20%22B%22%5D%2C%20%22SLCO1B1%22%3A%20%5B%22%2A1%22%2C%20%22%2A37%22%5D%2C%20%22CACNA1S%22%3A%20%5B%22Reference%22%2C%20%22Reference%22%5D%2C%20%22CYP2D6%22%3A%20%5B%22%2A2%22%2C%20%22%2A2%22%5D%2C%20%22CYP2C19%22%3A%20%5B%22%2A1%22%2C%20%22%2A3%22%5D%2C%20%22UGT1A1%22%3A%20%5B%22%2A1%22%2C%20%22%2A80%22%5D%2C%20%22F5%22%3A%20%5B%22Reference%22%2C%20%22Reference%22%5D%2C%20%22RYR1%22%3A%20%5B%22Reference%22%2C%20%22Reference%22%5D%2C%20%22CFTR%22%3A%20%5B%22Reference%22%2C%20%22Reference%22%5D%2C%20%22TPMT%22%3A%20%5B%22%2A1%22%2C%20%22%2A1%22%5D%2C%20%22CYP3A5%22%3A%20%5B%22%2A1%22%2C%20%22%2A3%22%5D%2C%20%22CYP4F2%22%3A%20%5B%22%2A1%22%2C%20%22%2A1%22%5D%7D
N1DL6434,https://www.pharmgkb.org/genotypeResults?q=%7B%22CYP2B6%22%3A%20%5B%22%2A1%22%2C%20%22%2A9%22%5D%2C%20%22DPYD%22%3A%20%5B%22Reference%22%2C%20%22Reference%22%5D%2C%20%22CYP3A4%22%3A%20%5B%22%2A1%22%2C%20%22%2A1%22%5D%2C%20%22NUDT15%22%3A%20%5B%22%2A1%22%2C%20%22%2A1%22%5D%2C%20%22IFNL3%22%3A%20%5B%22Reference%22%2C%20%22Reference%22%5D%2C%20%22ABCG2%22%3A%20%5B%22Reference%22%2C%20%22Reference%22%5D%2C%20%22CYP2C9%22%3A%20%5B%22%2A1%22%2C%20%22%2A1%22%5D%2C%20%22CYP2C8%22%3A%20%5B%22%2A1%22%2C%20%22%2A1%22%5D%2C%20%22NAT2%22%3A%20%5B%22%2A6%22%2C%20%22%2A7%22%5D%2C%20%22VKORC1%22%3A%20%5B%22Reference%22%2C%20%22Reference%22%5D%2C%20%22G6PD%22%3A%20%5B%22B%22%2C%20%22B%22%5D%2C%20%22SLCO1B1%22%3A%20%5B%22%2A1%22%2C%20%22%2A15%22%5D%2C%20%22CACNA1S%22%3A%20%5B%22Reference%22%2C%20%22Reference%22%5D%2C%20%22CYP2D6%22%3A%20%5B%22%2A2%22%2C%20%22%2A2%22%5D%2C%20%22CYP2C19%22%3A%20%5B%22%2A1%22%2C%20%22%2A2%22%5D%2C%20%22UGT1A1%22%3A%20%5B%22%2A1%22%2C%20%22%2A6%22%5D%2C%20%22F5%22%3A%20%5B%22Reference%22%2C%20%22Reference%22%5D%2C%20%22RYR1%22%3A%20%5B%22Reference%22%2C%20%22Reference%22%5D%2C%20%22CFTR%22%3A%20%5B%22Reference%22%2C%20%22Reference%22%5D%2C%20%22TPMT%22%3A%20%5B%22%2A1%22%2C%20%22%2A1%22%5D%2C%20%22CYP3A5%22%3A%20%5B%22%2A3%22%2C%20%22%2A3%22%5D%2C%20%22CYP4F2%22%3A%20%5B%22%2A1%22%2C%20%22%2A1%22%5D%7D
N1DL7459,https://www.pharmgkb.org/genotypeResults?q=%7B%22CYP2B6%22%3A%20%5B%22%2A1%22%2C%20%22%2A1%22%5D%2C%20%22DPYD%22%3A%20%5B%22Reference%22%2C%20%22c.1627A%3EG%20%28%2A5%29%22%5D%2C%20%22CYP3A4%22%3A%20%5B%22%2A1%22%2C%20%22%2A1%22%5D%2C%20%22NUDT15%22%3A%20%5B%22%2A1%22%2C%20%22%2A1%22%5D%2C%20%22IFNL3%22%3A%20%5B%22Reference%22%2C%20%22Reference%22%5D%2C%20%22ABCG2%22%3A%20%5B%22Reference%22%2C%20%22Reference%22%5D%2C%20%22CYP2C9%22%3A%20%5B%22%2A1%22%2C%20%22%2A1%22%5D%2C%20%22CYP2C8%22%3A%20%5B%22%2A1%22%2C%20%22%2A1%22%5D%2C%20%22NAT2%22%3A%20%5B%22%2A4%22%2C%20%22%2A4%22%5D%2C%20%22VKORC1%22%3A%20%5B%22Reference%22%2C%20%22Reference%22%5D%2C%20%22G6PD%22%3A%20%5B%22B%22%2C%20%22B%22%5D%2C%20%22SLCO1B1%22%3A%20%5B%22%2A1%22%2C%20%22%2A16%22%5D%2C%20%22CACNA1S%22%3A%20%5B%22Reference%22%2C%20%22Reference%22%5D%2C%20%22CYP2D6%22%3A%20%5B%22%2A2%22%2C%20%22%2A2%22%5D%2C%20%22CYP2C19%22%3A%20%5B%22%2A1%22%2C%20%22%2A3%22%5D%2C%20%22UGT1A1%22%3A%20%5B%22%2A1%22%2C%20%22%2A1%22%5D%2C%20%22F5%22%3A%20%5B%22Reference%22%2C%20%22Reference%22%5D%2C%20%22RYR1%22%3A%20%5B%22Reference%22%2C%20%22Reference%22%5D%2C%20%22CFTR%22%3A%20%5B%22Reference%22%2C%20%22Reference%22%5D%2C%20%22TPMT%22%3A%20%5B%22%2A1%22%2C%20%22%2A1%22%5D%2C%20%22CYP3A5%22%3A%20%5B%22%2A3%22%2C%20%22%2A3%22%5D%2C%20%22CYP4F2%22%3A%20%5B%22%2A1%22%2C%20%22%2A1%22%5D%7D
N1DL7717,https://www.pharmgkb.org/genotypeResults?q=%7B%22CYP2B6%22%3A%20%5B%22%2A1%22%2C%20%22%2A1%22%5D%2C%20%22DPYD%22%3A%20%5B%22Reference%22%2C%20%22Reference%22%5D%2C%20%22CYP3A4%22%3A%20%5B%22%2A1%22%2C%20%22%2A1%22%5D%2C%20%22NUDT15%22%3A%20%5B%22%2A1%22%2C%20%22%2A1%22%5D%2C%20%22IFNL3%22%3A%20%5B%22rs12979860%22%2C%20%22rs12980275%22%5D%2C%20%22ABCG2%22%3A%20%5B%22Reference%22%2C%20%22Reference%22%5D%2C%20%22CYP2C9%22%3A%20%5B%22%2A1%22%2C%20%22%2A1%22%5D%2C%20%22CYP2C8%22%3A%20%5B%22%2A1%22%2C%20%22%2A1%22%5D%2C%20%22NAT2%22%3A%20%5B%22%2A4%22%2C%20%22%2A4%22%5D%2C%20%22VKORC1%22%3A%20%5B%22Reference%22%2C%20%22Reference%22%5D%2C%20%22G6PD%22%3A%20%5B%22B%22%2C%20%22B%22%5D%2C%20%22SLCO1B1%22%3A%20%5B%22%2A15%22%2C%20%22%2A37%22%5D%2C%20%22CACNA1S%22%3A%20%5B%22Reference%22%2C%20%22Reference%22%5D%2C%20%22CYP2D6%22%3A%20%5B%22%2A2%22%2C%20%22%2A2%22%5D%2C%20%22CYP2C19%22%3A%20%5B%22%2A1%22%2C%20%22%2A1%22%5D%2C%20%22UGT1A1%22%3A%20%5B%22%2A1%22%2C%20%22%2A1%22%5D%2C%20%22F5%22%3A%20%5B%22Reference%22%2C%20%22Reference%22%5D%2C%20%22RYR1%22%3A%20%5B%22Reference%22%2C%20%22Reference%22%5D%2C%20%22CFTR%22%3A%20%5B%22Reference%22%2C%20%22Reference%22%5D%2C%20%22TPMT%22%3A%20%5B%22%2A1%22%2C%20%22%2A1%22%5D%2C%20%22CYP3A5%22%3A%20%5B%22%2A3%22%2C%20%22%2A3%22%5D%2C%20%22CYP4F2%22%3A%20%5B%22%2A1%22%2C%20%22%2A1%22%5D%7D
N1DL3100,https://www.pharmgkb.org/genotypeResults?q=%7B%22CYP2B6%22%3A%20%5B%22%2A1%22%2C%20%22%2A1%22%5D%2C%20%22DPYD%22%3A%20%5B%22Reference%22%2C%20%22c.1627A%3EG%20%28%2A5%29%22%5D%2C%20%22CYP3A4%22%3A%20%5B%22%2A1%22%2C%20%22%2A1%22%5D%2C%20%22NUDT15%22%3A%20%5B%22%2A1%22%2C%20%22%2A1%22%5D%2C%20%22IFNL3%22%3A%20%5B%22Reference%22%2C%20%22Reference%22%5D%2C%20%22ABCG2%22%3A%20%5B%22Reference%22%2C%20%22Reference%22%5D%2C%20%22CYP2C9%22%3A%20%5B%22%2A1%22%2C%20%22%2A1%22%5D%2C%20%22CYP2C8%22%3A%20%5B%22%2A1%22%2C%20%22%2A1%22%5D%2C%20%22NAT2%22%3A%20%5B%22%2A6%22%2C%20%22%2A6%22%5D%2C%20%22VKORC1%22%3A%20%5B%22Reference%22%2C%20%22Reference%22%5D%2C%20%22G6PD%22%3A%20%5B%22B%22%2C%20%22B%22%5D%2C%20%22SLCO1B1%22%3A%20%5B%22%2A1%22%2C%20%22%2A37%22%5D%2C%20%22CACNA1S%22%3A%20%5B%22Reference%22%2C%20%22Reference%22%5D%2C%20%22CYP2D6%22%3A%20%5B%22%2A2%22%2C%20%22%2A2%22%5D%2C%20%22CYP2C19%22%3A%20%5B%22%2A1%22%2C%20%22%2A1%22%5D%2C%20%22UGT1A1%22%3A%20%5B%22%2A1%22%2C%20%22%2A1%22%5D%2C%20%22F5%22%3A%20%5B%22Reference%22%2C%20%22Reference%22%5D%2C%20%22RYR1%22%3A%20%5B%22Reference%22%2C%20%22Reference%22%5D%2C%20%22CFTR%22%3A%20%5B%22Reference%22%2C%20%22Reference%22%5D%2C%20%22TPMT%22%3A%20%5B%22%2A1%22%2C%20%22%2A1%22%5D%2C%20%22CYP3A5%22%3A%20%5B%22%2A1%22%2C%20%22%2A1%22%5D%2C%20%22CYP4F2%22%3A%20%5B%22%2A1%22%2C%20%22%2A1%22%5D%7D
N1DL6051,https://www.pharmgkb.org/genotypeResults?q=%7B%22CYP2B6%22%3A%20%5B%22%2A1%22%2C%20%22%2A1%22%5D%2C%20%22DPYD%22%3A%20%5B%22Reference%22%2C%20%22c.1627A%3EG%20%28%2A5%29%22%5D%2C%20%22CYP3A4%22%3A%20%5B%22%2A1%22%2C%20%22%2A1%22%5D%2C%20%22NUDT15%22%3A%20%5B%22%2A1%22%2C%20%22%2A1%22%5D%2C%20%22IFNL3%22%3A%20%5B%22Reference%22%2C%20%22Reference%22%5D%2C%20%22ABCG2%22%3A%20%5B%22Reference%22%2C%20%22Reference%22%5D%2C%20%22CYP2C9%22%3A%20%5B%22%2A1%22%2C%20%22%2A1%22%5D%2C%20%22CYP2C8%22%3A%20%5B%22%2A1%22%2C%20%22%2A1%22%5D%2C%20%22NAT2%22%3A%20%5B%22%2A6%22%2C%20%22%2A12%22%5D%2C%20%22VKORC1%22%3A%20%5B%22Reference%22%2C%20%22Reference%22%5D%2C%20%22G6PD%22%3A%20%5B%22B%22%2C%20%22B%22%5D%2C%20%22SLCO1B1%22%3A%20%5B%22%2A37%22%2C%20%22%2A37%22%5D%2C%20%22CACNA1S%22%3A%20%5B%22Reference%22%2C%20%22Reference%22%5D%2C%20%22CYP2D6%22%3A%20%5B%22%2A2%22%2C%20%22%2A2%22%5D%2C%20%22CYP2C19%22%3A%20%5B%22%2A1%22%2C%20%22%2A1%22%5D%2C%20%22UGT1A1%22%3A%20%5B%22%2A1%22%2C%20%22%2A1%22%5D%2C%20%22F5%22%3A%20%5B%22Reference%22%2C%20%22Reference%22%5D%2C%20%22RYR1%22%3A%20%5B%22Reference%22%2C%20%22Reference%22%5D%2C%20%22CFTR%22%3A%20%5B%22Reference%22%2C%20%22Reference%22%5D%2C%20%22TPMT%22%3A%20%5B%22%2A1%22%2C%20%22%2A1%22%5D%2C%20%22CYP3A5%22%3A%20%5B%22%2A3%22%2C%20%22%2A3%22%5D%2C%20%22CYP4F2%22%3A%20%5B%22%2A1%22%2C%20%22%2A3%22%5D%7D
N1DL6182,https://www.pharmgkb.org/genotypeResults?q=%7B%22CYP2B6%22%3A%20%5B%22%2A1%22%2C%20%22%2A9%22%5D%2C%20%22DPYD%22%3A%20%5B%22Reference%22%2C%20%22c.1627A%3EG%20%28%2A5%29%22%5D%2C%20%22CYP3A4%22%3A%20%5B%22%2A1%22%2C%20%22%2A1%22%5D%2C%20%22NUDT15%22%3A%20%5B%22%2A1%22%2C%20%22%2A1%22%5D%2C%20%22IFNL3%22%3A%20%5B%22Reference%22%2C%20%22Reference%22%5D%2C%20%22ABCG2%22%3A%20%5B%22rs2231142%22%2C%20%22rs2231142%22%5D%2C%20%22CYP2C9%22%3A%20%5B%22%2A1%22%2C%20%22%2A1%22%5D%2C%20%22CYP2C8%22%3A%20%5B%22%2A1%22%2C%20%22%2A1%22%5D%2C%20%22NAT2%22%3A%20%5B%22%2A4%22%2C%20%22%2A12%22%5D%2C%20%22VKORC1%22%3A%20%5B%22Reference%22%2C%20%22Reference%22%5D%2C%20%22G6PD%22%3A%20%5B%22B%22%2C%20%22B%22%5D%2C%20%22SLCO1B1%22%3A%20%5B%22%2A1%22%2C%20%22%2A37%22%5D%2C%20%22CACNA1S%22%3A%20%5B%22Reference%22%2C%20%22Reference%22%5D%2C%20%22CYP2D6%22%3A%20%5B%22%2A2%22%2C%20%22%2A2%22%5D%2C%20%22CYP2C19%22%3A%20%5B%22%2A1%22%2C%20%22%2A1%22%5D%2C%20%22UGT1A1%22%3A%20%5B%22%2A1%22%2C%20%22%2A1%22%5D%2C%20%22F5%22%3A%20%5B%22Reference%22%2C%20%22Reference%22%5D%2C%20%22RYR1%22%3A%20%5B%22Reference%22%2C%20%22Reference%22%5D%2C%20%22CFTR%22%3A%20%5B%22Reference%22%2C%20%22Reference%22%5D%2C%20%22TPMT%22%3A%20%5B%22%2A1%22%2C%20%22%2A1%22%5D%2C%20%22CYP3A5%22%3A%20%5B%22%2A1%22%2C%20%22%2A3%22%5D%2C%20%22CYP4F2%22%3A%20%5B%22%2A3%22%2C%20%22%2A3%22%5D%7D
N1DL5548,https://www.pharmgkb.org/genotypeResults?q=%7B%22CYP2B6%22%3A%20%5B%22%2A1%22%2C%20%22%2A9%22%5D%2C%20%22DPYD%22%3A%20%5B%22Reference%22%2C%20%22c.1627A%3EG%20%28%2A5%29%22%5D%2C%20%22CYP3A4%22%3A%20%5B%22%2A1%22%2C%20%22%2A1%22%5D%2C%20%22NUDT15%22%3A%20%5B%22%2A1%22%2C%20%22%2A1%22%5D%2C%20%22IFNL3%22%3A%20%5B%22Reference%22%2C%20%22Reference%22%5D%2C%20%22ABCG2%22%3A%20%5B%22Reference%22%2C%20%22Reference%22%5D%2C%20%22CYP2C9%22%3A%20%5B%22%2A1%22%2C%20%22%2A1%22%5D%2C%20%22CYP2C8%22%3A%20%5B%22%2A1%22%2C%20%22%2A1%22%5D%2C%20%22NAT2%22%3A%20%5B%22%2A4%22%2C%20%22%2A4%22%5D%2C%20%22VKORC1%22%3A%20%5B%22Reference%22%2C%20%22Reference%22%5D%2C%20%22G6PD%22%3A%20%5B%22B%22%2C%20%22B%22%5D%2C%20%22SLCO1B1%22%3A%20%5B%22%2A1%22%2C%20%22%2A37%22%5D%2C%20%22CACNA1S%22%3A%20%5B%22Reference%22%2C%20%22Reference%22%5D%2C%20%22CYP2D6%22%3A%20%5B%22%2A2%22%2C%20%22%2A2%22%5D%2C%20%22CYP2C19%22%3A%20%5B%22%2A2%22%2C%20%22%2A2%22%5D%2C%20%22UGT1A1%22%3A%20%5B%22%2A1%22%2C%20%22%2A1%22%5D%2C%20%22F5%22%3A%20%5B%22Reference%22%2C%20%22Reference%22%5D%2C%20%22RYR1%22%3A%20%5B%22Reference%22%2C%20%22Reference%22%5D%2C%20%22CFTR%22%3A%20%5B%22Reference%22%2C%20%22Reference%22%5D%2C%20%22TPMT%22%3A%20%5B%22%2A1%22%2C%20%22%2A1%22%5D%2C%20%22CYP3A5%22%3A%20%5B%22%2A3%22%2C%20%22%2A3%22%5D%2C%20%22CYP4F2%22%3A%20%5B%22%2A1%22%2C%20%22%2A1%22%5D%7D
NURA3301,https://www.pharmgkb.org/genotypeResults?q=%7B%22CYP2B6%22%3A%20%5B%22%2A1%22%2C%20%22%2A1%22%5D%2C%20%22DPYD%22%3A%20%5B%22Reference%22%2C%20%22Reference%22%5D%2C%20%22CYP3A4%22%3A%20%5B%22%2A1%22%2C%20%22%2A1%22%5D%2C%20%22NUDT15%22%3A%20%5B%22%2A1%22%2C%20%22%2A1%22%5D%2C%20%22IFNL3%22%3A%20%5B%22Reference%22%2C%20%22Reference%22%5D%2C%20%22ABCG2%22%3A%20%5B%22Reference%22%2C%20%22Reference%22%5D%2C%20%22CYP2C9%22%3A%20%5B%22%2A1%22%2C%20%22%2A1%22%5D%2C%20%22CYP2C8%22%3A%20%5B%22%2A1%22%2C%20%22%2A1%22%5D%2C%20%22NAT2%22%3A%20%5B%22%2A4%22%2C%20%22%2A4%22%5D%2C%20%22VKORC1%22%3A%20%5B%22Reference%22%2C%20%22Reference%22%5D%2C%20%22G6PD%22%3A%20%5B%22B%22%2C%20%22B%22%5D%2C%20%22SLCO1B1%22%3A%20%5B%22%2A1%22%2C%20%22%2A1%22%5D%2C%20%22CACNA1S%22%3A%20%5B%22Reference%22%2C%20%22Reference%22%5D%2C%20%22CYP2D6%22%3A%20%5B%22%2A2%22%2C%20%22%2A2%22%5D%2C%20%22CYP2C19%22%3A%20%5B%22%2A1%22%2C%20%22%2A1%22%5D%2C%20%22UGT1A1%22%3A%20%5B%22%2A1%22%2C%20%22%2A1%22%5D%2C%20%22F5%22%3A%20%5B%22Reference%22%2C%20%22Reference%22%5D%2C%20%22RYR1%22%3A%20%5B%22Reference%22%2C%20%22Reference%22%5D%2C%20%22CFTR%22%3A%20%5B%22Reference%22%2C%20%22Reference%22%5D%2C%20%22TPMT%22%3A%20%5B%22%2A1%22%2C%20%22%2A1%22%5D%2C%20%22CYP3A5%22%3A%20%5B%22%2A1%22%2C%20%22%2A3%22%5D%2C%20%22CYP4F2%22%3A%20%5B%22%2A1%22%2C%20%22%2A1%22%5D%7D
N1DL7719,https://www.pharmgkb.org/genotypeResults?q=%7B%22CYP2B6%22%3A%20%5B%22%2A1%22%2C%20%22%2A1%22%5D%2C%20%22DPYD%22%3A%20%5B%22Reference%22%2C%20%22Reference%22%5D%2C%20%22CYP3A4%22%3A%20%5B%22%2A1%22%2C%20%22%2A1%22%5D%2C%20%22NUDT15%22%3A%20%5B%22%2A1%22%2C%20%22%2A1%22%5D%2C%20%22IFNL3%22%3A%20%5B%22Reference%22%2C%20%22Reference%22%5D%2C%20%22ABCG2%22%3A%20%5B%22rs2231142%22%2C%20%22rs2231142%22%5D%2C%20%22CYP2C9%22%3A%20%5B%22%2A1%22%2C%20%22%2A1%22%5D%2C%20%22CYP2C8%22%3A%20%5B%22%2A1%22%2C%20%22%2A1%22%5D%2C%20%22NAT2%22%3A%20%5B%22%2A4%22%2C%20%22%2A6%22%5D%2C%20%22VKORC1%22%3A%20%5B%22Reference%22%2C%20%22Reference%22%5D%2C%20%22G6PD%22%3A%20%5B%22B%22%2C%20%22B%22%5D%2C%20%22SLCO1B1%22%3A%20%5B%22%2A1%22%2C%20%22%2A1%22%5D%2C%20%22CACNA1S%22%3A%20%5B%22Reference%22%2C%20%22Reference%22%5D%2C%20%22CYP2D6%22%3A%20%5B%22%2A2%22%2C%20%22%2A2%22%5D%2C%20%22CYP2C19%22%3A%20%5B%22%2A1%22%2C%20%22%2A1%22%5D%2C%20%22UGT1A1%22%3A%20%5B%22%2A1%22%2C%20%22%2A1%22%5D%2C%20%22F5%22%3A%20%5B%22Reference%22%2C%20%22Reference%22%5D%2C%20%22RYR1%22%3A%20%5B%22Reference%22%2C%20%22Reference%22%5D%2C%20%22CFTR%22%3A%20%5B%22Reference%22%2C%20%22Reference%22%5D%2C%20%22TPMT%22%3A%20%5B%22%2A1%22%2C%20%22%2A1%22%5D%2C%20%22CYP3A5%22%3A%20%5B%22%2A3%22%2C%20%22%2A3%22%5D%2C%20%22CYP4F2%22%3A%20%5B%22%2A1%22%2C%20%22%2A1%22%5D%7D
N1DL9171,https://www.pharmgkb.org/genotypeResults?q=%7B%22CYP2B6%22%3A%20%5B%22%2A1%22%2C%20%22%2A9%22%5D%2C%20%22DPYD%22%3A%20%5B%22Reference%22%2C%20%22c.1627A%3EG%20%28%2A5%29%22%5D%2C%20%22CYP3A4%22%3A%20%5B%22%2A1%22%2C%20%22%2A1%22%5D%2C%20%22NUDT15%22%3A%20%5B%22%2A3%22%2C%20%22%2A3%22%5D%2C%20%22IFNL3%22%3A%20%5B%22Reference%22%2C%20%22rs12980275%22%5D%2C%20%22ABCG2%22%3A%20%5B%22Reference%22%2C%20%22rs2231142%22%5D%2C%20%22CYP2C9%22%3A%20%5B%22%2A1%22%2C%20%22%2A1%22%5D%2C%20%22CYP2C8%22%3A%20%5B%22%2A1%22%2C%20%22%2A1%22%5D%2C%20%22NAT2%22%3A%20%5B%22%2A6%22%2C%20%22%2A6%22%5D%2C%20%22VKORC1%22%3A%20%5B%22Reference%22%2C%20%22Reference%22%5D%2C%20%22G6PD%22%3A%20%5B%22B%22%2C%20%22B%22%5D%2C%20%22SLCO1B1%22%3A%20%5B%22%2A1%22%2C%20%22%2A37%22%5D%2C%20%22CACNA1S%22%3A%20%5B%22Reference%22%2C%20%22Reference%22%5D%2C%20%22CYP2D6%22%3A%20%5B%22%2A2%22%2C%20%22%2A2%22%5D%2C%20%22CYP2C19%22%3A%20%5B%22%2A1%22%2C%20%22%2A3%22%5D%2C%20%22UGT1A1%22%3A%20%5B%22%2A1%22%2C%20%22%2A6%22%5D%2C%20%22F5%22%3A%20%5B%22Reference%22%2C%20%22Reference%22%5D%2C%20%22RYR1%22%3A%20%5B%22Reference%22%2C%20%22Reference%22%5D%2C%20%22CFTR%22%3A%20%5B%22Reference%22%2C%20%22Reference%22%5D%2C%20%22TPMT%22%3A%20%5B%22%2A1%22%2C%20%22%2A1%22%5D%2C%20%22CYP3A5%22%3A%20%5B%22%2A1%22%2C%20%22%2A3%22%5D%2C%20%22CYP4F2%22%3A%20%5B%22%2A1%22%2C%20%22%2A3%22%5D%7D
N1DL7913,https://www.pharmgkb.org/genotypeResults?q=%7B%22CYP2B6%22%3A%20%5B%22%2A1%22%2C%20%22%2A9%22%5D%2C%20%22DPYD%22%3A%20%5B%22Reference%22%2C%20%22Reference%22%5D%2C%20%22CYP3A4%22%3A%20%5B%22%2A1%22%2C%20%22%2A1%22%5D%2C%20%22NUDT15%22%3A%20%5B%22%2A1%22%2C%20%22%2A1%22%5D%2C%20%22IFNL3%22%3A%20%5B%22Reference%22%2C%20%22rs12980275%22%5D%2C%20%22ABCG2%22%3A%20%5B%22Reference%22%2C%20%22Reference%22%5D%2C%20%22CYP2C9%22%3A%20%5B%22%2A1%22%2C%20%22%2A1%22%5D%2C%20%22CYP2C8%22%3A%20%5B%22%2A1%22%2C%20%22%2A1%22%5D%2C%20%22NAT2%22%3A%20%5B%22%2A4%22%2C%20%22%2A6%22%5D%2C%20%22VKORC1%22%3A%20%5B%22rs9923231%22%2C%20%22rs9923231%22%5D%2C%20%22G6PD%22%3A%20%5B%22B%22%2C%20%22B%22%5D%2C%20%22SLCO1B1%22%3A%20%5B%22%2A37%22%2C%20%22%2A37%22%5D%2C%20%22CACNA1S%22%3A%20%5B%22Reference%22%2C%20%22Reference%22%5D%2C%20%22CYP2D6%22%3A%20%5B%22%2A2%22%2C%20%22%2A2%22%5D%2C%20%22CYP2C19%22%3A%20%5B%22%2A1%22%2C%20%22%2A2%22%5D%2C%20%22UGT1A1%22%3A%20%5B%22%2A1%22%2C%20%22%2A6%22%5D%2C%20%22F5%22%3A%20%5B%22Reference%22%2C%20%22Reference%22%5D%2C%20%22RYR1%22%3A%20%5B%22Reference%22%2C%20%22Reference%22%5D%2C%20%22CFTR%22%3A%20%5B%22Reference%22%2C%20%22Reference%22%5D%2C%20%22TPMT%22%3A%20%5B%22%2A1%22%2C%20%22%2A1%22%5D%2C%20%22CYP3A5%22%3A%20%5B%22%2A1%22%2C%20%22%2A3%22%5D%2C%20%22CYP4F2%22%3A%20%5B%22%2A1%22%2C%20%22%2A1%22%5D%7D
N1DL6998,https://www.pharmgkb.org/genotypeResults?q=%7B%22CYP2B6%22%3A%20%5B%22%2A1%22%2C%20%22%2A1%22%5D%2C%20%22DPYD%22%3A%20%5B%22Reference%22%2C%20%22Reference%22%5D%2C%20%22CYP3A4%22%3A%20%5B%22%2A1%22%2C%20%22%2A1%22%5D%2C%20%22NUDT15%22%3A%20%5B%22%2A1%22%2C%20%22%2A1%22%5D%2C%20%22IFNL3%22%3A%20%5B%22rs12979860%22%2C%20%22rs12980275%22%5D%2C%20%22ABCG2%22%3A%20%5B%22Reference%22%2C%20%22rs2231142%22%5D%2C%20%22CYP2C9%22%3A%20%5B%22%2A1%22%2C%20%22%2A1%22%5D%2C%20%22CYP2C8%22%3A%20%5B%22%2A1%22%2C%20%22%2A1%22%5D%2C%20%22NAT2%22%3A%20%5B%22%2A4%22%2C%20%22%2A4%22%5D%2C%20%22VKORC1%22%3A%20%5B%22Reference%22%2C%20%22Reference%22%5D%2C%20%22G6PD%22%3A%20%5B%22B%22%2C%20%22B%22%5D%2C%20%22SLCO1B1%22%3A%20%5B%22%2A1%22%2C%20%22%2A16%22%5D%2C%20%22CACNA1S%22%3A%20%5B%22Reference%22%2C%20%22Reference%22%5D%2C%20%22CYP2D6%22%3A%20%5B%22%2A2%22%2C%20%22%2A2%22%5D%2C%20%22CYP2C19%22%3A%20%5B%22%2A1%22%2C%20%22%2A1%22%5D%2C%20%22UGT1A1%22%3A%20%5B%22%2A1%22%2C%20%22%2A1%22%5D%2C%20%22F5%22%3A%20%5B%22Reference%22%2C%20%22Reference%22%5D%2C%20%22RYR1%22%3A%20%5B%22Reference%22%2C%20%22Reference%22%5D%2C%20%22CFTR%22%3A%20%5B%22Reference%22%2C%20%22Reference%22%5D%2C%20%22TPMT%22%3A%20%5B%22%2A1%22%2C%20%22%2A1%22%5D%2C%20%22CYP3A5%22%3A%20%5B%22%2A3%22%2C%20%22%2A3%22%5D%2C%20%22CYP4F2%22%3A%20%5B%22%2A1%22%2C%20%22%2A3%22%5D%7D
NURA4091,https://www.pharmgkb.org/genotypeResults?q=%7B%22CYP2B6%22%3A%20%5B%22%2A1%22%2C%20%22%2A2%22%5D%2C%20%22DPYD%22%3A%20%5B%22Reference%22%2C%20%22Reference%22%5D%2C%20%22CYP3A4%22%3A%20%5B%22%2A1%22%2C%20%22%2A1%22%5D%2C%20%22NUDT15%22%3A%20%5B%22%2A1%22%2C%20%22%2A1%22%5D%2C%20%22IFNL3%22%3A%20%5B%22Reference%22%2C%20%22Reference%22%5D%2C%20%22ABCG2%22%3A%20%5B%22Reference%22%2C%20%22Reference%22%5D%2C%20%22CYP2C9%22%3A%20%5B%22%2A1%22%2C%20%22%2A1%22%5D%2C%20%22CYP2C8%22%3A%20%5B%22%2A1%22%2C%20%22%2A1%22%5D%2C%20%22NAT2%22%3A%20%5B%22%2A4%22%2C%20%22%2A6%22%5D%2C%20%22VKORC1%22%3A%20%5B%22Reference%22%2C%20%22rs9923231%22%5D%2C%20%22G6PD%22%3A%20%5B%22B%22%2C%20%22B%22%5D%2C%20%22SLCO1B1%22%3A%20%5B%22%2A1%22%2C%20%22%2A37%22%5D%2C%20%22CACNA1S%22%3A%20%5B%22Reference%22%2C%20%22Reference%22%5D%2C%20%22CYP2D6%22%3A%20%5B%22%2A2%22%2C%20%22%2A2%22%5D%2C%20%22CYP2C19%22%3A%20%5B%22%2A1%22%2C%20%22%2A2%22%5D%2C%20%22UGT1A1%22%3A%20%5B%22%2A1%22%2C%20%22%2A1%22%5D%2C%20%22F5%22%3A%20%5B%22Reference%22%2C%20%22Reference%22%5D%2C%20%22RYR1%22%3A%20%5B%22Reference%22%2C%20%22Reference%22%5D%2C%20%22CFTR%22%3A%20%5B%22Reference%22%2C%20%22Reference%22%5D%2C%20%22TPMT%22%3A%20%5B%22%2A1%22%2C%20%22%2A1%22%5D%2C%20%22CYP3A5%22%3A%20%5B%22%2A1%22%2C%20%22%2A3%22%5D%2C%20%22CYP4F2%22%3A%20%5B%22%2A1%22%2C%20%22%2A3%22%5D%7D
N1DL8327,https://www.pharmgkb.org/genotypeResults?q=%7B%22CYP2B6%22%3A%20%5B%22%2A1%22%2C%20%22%2A9%22%5D%2C%20%22DPYD%22%3A%20%5B%22Reference%22%2C%20%22Reference%22%5D%2C%20%22CYP3A4%22%3A%20%5B%22%2A1%22%2C%20%22%2A1%22%5D%2C%20%22NUDT15%22%3A%20%5B%22%2A1%22%2C%20%22%2A1%22%5D%2C%20%22IFNL3%22%3A%20%5B%22Reference%22%2C%20%22Reference%22%5D%2C%20%22ABCG2%22%3A%20%5B%22Reference%22%2C%20%22rs2231142%22%5D%2C%20%22CYP2C9%22%3A%20%5B%22%2A1%22%2C%20%22%2A1%22%5D%2C%20%22CYP2C8%22%3A%20%5B%22%2A1%22%2C%20%22%2A1%22%5D%2C%20%22NAT2%22%3A%20%5B%22%2A7%22%2C%20%22%2A7%22%5D%2C%20%22VKORC1%22%3A%20%5B%22Reference%22%2C%20%22Reference%22%5D%2C%20%22G6PD%22%3A%20%5B%22B%22%2C%20%22B%22%5D%2C%20%22SLCO1B1%22%3A%20%5B%22%2A1%22%2C%20%22%2A37%22%5D%2C%20%22CACNA1S%22%3A%20%5B%22Reference%22%2C%20%22Reference%22%5D%2C%20%22CYP2D6%22%3A%20%5B%22%2A2%22%2C%20%22%2A2%22%5D%2C%20%22CYP2C19%22%3A%20%5B%22%2A2%22%2C%20%22%2A2%22%5D%2C%20%22UGT1A1%22%3A%20%5B%22%2A1%22%2C%20%22%2A6%22%5D%2C%20%22F5%22%3A%20%5B%22Reference%22%2C%20%22Reference%22%5D%2C%20%22RYR1%22%3A%20%5B%22Reference%22%2C%20%22Reference%22%5D%2C%20%22CFTR%22%3A%20%5B%22Reference%22%2C%20%22Reference%22%5D%2C%20%22TPMT%22%3A%20%5B%22%2A1%22%2C%20%22%2A1%22%5D%2C%20%22CYP3A5%22%3A%20%5B%22%2A3%22%2C%20%22%2A3%22%5D%2C%20%22CYP4F2%22%3A%20%5B%22%2A1%22%2C%20%22%2A1%22%5D%7D
N1DL6435,https://www.pharmgkb.org/genotypeResults?q=%7B%22CYP2B6%22%3A%20%5B%22%2A1%22%2C%20%22%2A1%22%5D%2C%20%22DPYD%22%3A%20%5B%22Reference%22%2C%20%22c.1627A%3EG%20%28%2A5%29%22%5D%2C%20%22CYP3A4%22%3A%20%5B%22%2A1%22%2C%20%22%2A1%22%5D%2C%20%22NUDT15%22%3A%20%5B%22%2A1%22%2C%20%22%2A1%22%5D%2C%20%22IFNL3%22%3A%20%5B%22Reference%22%2C%20%22Reference%22%5D%2C%20%22ABCG2%22%3A%20%5B%22Reference%22%2C%20%22rs2231142%22%5D%2C%20%22CYP2C9%22%3A%20%5B%22%2A1%22%2C%20%22%2A1%22%5D%2C%20%22CYP2C8%22%3A%20%5B%22%2A1%22%2C%20%22%2A1%22%5D%2C%20%22NAT2%22%3A%20%5B%22%2A4%22%2C%20%22%2A4%22%5D%2C%20%22VKORC1%22%3A%20%5B%22Reference%22%2C%20%22Reference%22%5D%2C%20%22G6PD%22%3A%20%5B%22B%22%2C%20%22B%22%5D%2C%20%22SLCO1B1%22%3A%20%5B%22%2A1%22%2C%20%22%2A37%22%5D%2C%20%22CACNA1S%22%3A%20%5B%22Reference%22%2C%20%22Reference%22%5D%2C%20%22CYP2D6%22%3A%20%5B%22%2A2%22%2C%20%22%2A2%22%5D%2C%20%22CYP2C19%22%3A%20%5B%22%2A1%22%2C%20%22%2A1%22%5D%2C%20%22UGT1A1%22%3A%20%5B%22%2A1%22%2C%20%22%2A80%22%5D%2C%20%22F5%22%3A%20%5B%22Reference%22%2C%20%22Reference%22%5D%2C%20%22RYR1%22%3A%20%5B%22Reference%22%2C%20%22Reference%22%5D%2C%20%22CFTR%22%3A%20%5B%22Reference%22%2C%20%22Reference%22%5D%2C%20%22TPMT%22%3A%20%5B%22%2A1%22%2C%20%22%2A1%22%5D%2C%20%22CYP3A5%22%3A%20%5B%22%2A1%22%2C%20%22%2A3%22%5D%2C%20%22CYP4F2%22%3A%20%5B%22%2A1%22%2C%20%22%2A3%22%5D%7D
N1DL7264,https://www.pharmgkb.org/genotypeResults?q=%7B%22CYP2B6%22%3A%20%5B%22%2A1%22%2C%20%22%2A2%22%5D%2C%20%22DPYD%22%3A%20%5B%22Reference%22%2C%20%22c.1627A%3EG%20%28%2A5%29%22%5D%2C%20%22CYP3A4%22%3A%20%5B%22%2A1%22%2C%20%22%2A1%22%5D%2C%20%22NUDT15%22%3A%20%5B%22%2A1%22%2C%20%22%2A1%22%5D%2C%20%22IFNL3%22%3A%20%5B%22rs8099917%22%2C%20%22rs12980275%22%5D%2C%20%22ABCG2%22%3A%20%5B%22Reference%22%2C%20%22Reference%22%5D%2C%20%22CYP2C9%22%3A%20%5B%22%2A1%22%2C%20%22%2A1%22%5D%2C%20%22CYP2C8%22%3A%20%5B%22%2A1%22%2C%20%22%2A1%22%5D%2C%20%22NAT2%22%3A%20%5B%22%2A4%22%2C%20%22%2A7%22%5D%2C%20%22VKORC1%22%3A%20%5B%22Reference%22%2C%20%22Reference%22%5D%2C%20%22G6PD%22%3A%20%5B%22B%22%2C%20%22B%22%5D%2C%20%22SLCO1B1%22%3A%20%5B%22%2A1%22%2C%20%22%2A37%22%5D%2C%20%22CACNA1S%22%3A%20%5B%22Reference%22%2C%20%22Reference%22%5D%2C%20%22CYP2D6%22%3A%20%5B%22%2A2%22%2C%20%22%2A2%22%5D%2C%20%22CYP2C19%22%3A%20%5B%22%2A1%22%2C%20%22%2A1%22%5D%2C%20%22UGT1A1%22%3A%20%5B%22%2A1%22%2C%20%22%2A1%22%5D%2C%20%22F5%22%3A%20%5B%22Reference%22%2C%20%22Reference%22%5D%2C%20%22RYR1%22%3A%20%5B%22Reference%22%2C%20%22Reference%22%5D%2C%20%22CFTR%22%3A%20%5B%22Reference%22%2C%20%22Reference%22%5D%2C%20%22TPMT%22%3A%20%5B%22%2A1%22%2C%20%22%2A1%22%5D%2C%20%22CYP3A5%22%3A%20%5B%22%2A1%22%2C%20%22%2A3%22%5D%2C%20%22CYP4F2%22%3A%20%5B%22%2A1%22%2C%20%22%2A3%22%5D%7D
